texto_original,resumen,source,doc_id,split,label,source_dataset,source_bucket,has_pair,len_src,len_pls,wc_src,wc_pls,len_ratio_pls_src,wc_ratio_pls_src,flesch_src,flesch_pls
"Twelve RCTs (476 participants) were included. These studies assessed bismuth subsalicylate, Boswellia serrata extract, mesalamine, cholestyramine, probiotics, prednisolone and budesonide therapy. Four studies were low risk of bias. One study assessing mesalamine and cholestyramine was judged to be high risk of bias due to no blinding. The other studies had an unclear risk of bias for random sequence generation (five studies) allocation concealment (six studies), blinding (one study), incomplete outcome data (one study) and selective outcome reporting (one study). Clinical response occurred in 100% (4/4) of patients who received bismuth subsalicylate (nine 262 mg tablets daily for 8 weeks) compared to 0% (0/5) of patients who received placebo (1 study; 9 participants; RR 10.80, 95% CI 0.75 to 155.93; GRADE = very low). Clinical response occurred in 44% (7/16) of patients who received Boswellia serrata extract (three 400 mg/day capsules for 8 weeks) compared to 27% (4/15) of patients who received placebo (1 study; 31 participants; RR 1.64, 95% CI 0.60 to 4.49; GRADE = low). Clinical response occurred in 80% (24/30) of budesonide patients compared to 44% (11/25) of mesalamine patients (1 study; 55 participants; RR 1.82, 95% CI 1.13 to 2.93; GRADE = low). Histological response was observed in 87% (26/30) of budesonide patients compared to 44% (11/25) of mesalamine patients (1 study, 55 participants; RR 1.97, 95% CI 1.24 to 3.13; GRADE = low). There was no difference between the two treatments with respect to adverse events (RR 0.69, 95% CI 0.43 to 1.10; GRADE = low), withdrawals due to adverse events (RR 0.09, 95% CI 0.01 to 1.65; GRADE = low) and serious adverse events (RR 0.12, 95% CI 0.01 to 2.21; GRADE = low). Clinical response occurred in 44% (11/25) of mesalamine patients (3 g/day) compared to 59% (22/37) of placebo patients (1 study; 62 participants; RR 0.74, 95% CI 0.44 to 1.24; GRADE = low). Histological response was observed in 44% (11/25) and 51% (19/37) of patients receiving mesalamine and placebo, respectively (1 study; 62 participants; RR 0.86, 95% CI 0.50 to 1.47; GRADE = low). There was no difference between the two treatments with respect to adverse events (RR 1.26, 95% CI 0.84 to 1.88; GRADE = low), withdrawals due to adverse events (RR 5.92, 95% CI 0.70 to 49.90; GRADE = low) and serious adverse events (RR 4.44, 95% CI 0.49 to 40.29; GRADE = low). Clinical response occurred in 63% (5/8) of prednisolone (50 mg/day for 2 weeks) patients compared to 0% (0/3) of placebo patients (1 study, 11 participants; RR 4.89, 95% CI 0.35 to 68.83; GRADE = very low). Clinical response occurred in 29% (6/21) of patients who received probiotics (2 capsules containing 0.5 x 1010 CFU each of L. acidophilus LA‐5 and B. animalis subsp. lactis strain BB‐12 twice daily for 12 weeks) compared to 13% (1/8) of placebo patients (1 study, 29 participants, RR 2.29, 95% CI 0.32 to 16.13; GRADE = very low). Clinical response occurred in 73% (8/11) of patients who received mesalamine (800 mg three times daily) compared to 100% (12/12) of patients who received mesalamine + cholestyramine (4 g daily) (1 study, 23 participants; RR 0.74, 95% CI 0.50 to 1.08; GRADE = very low). Clinical response occurred in 81% (38/47) of patients who received budesonide (9 mg daily in a tapering schedule for 6 to 8 weeks) compared to 17% (8/47) of placebo patients (3 studies; 94 participants; RR 4.56, 95% CI 2.43 to 8.55; GRADE = low). Histological response was higher in budesonide participants (72%, 34/47) compared to placebo (17%, 8/47) (RR 4.15, 95% CI 2.25 to 7.66; GRADE = low). Clinical response was maintained in 68% (57/84) of budesonide patients compared to 20% (18/88) of placebo patients (3 studies, 172 participants, RR 3.30 95% CI 2.13 to 5.09; GRADE = low). Histological response was maintained in 48% (19/40) of budesonide patients compared to 15% (6/40) of placebo patients (2 studies; 80 participants; RR 3.17, 95% CI 1.44 to 6.95; GRADE = very low). No difference was found between budesonide and placebo for adverse events (5 studies; 290 participants; RR 1.18, o95% CI 0.92 to 1.51; GRADE = low), withdrawals due to adverse events (5 studies, 290 participants; RR 0.97, 95% CI 0.43 to 2.17; GRADE = very low) or serious adverse events (4 studies, 175 participants; RR 1.11, 95% CI 0.15 to 8.01; GRADE = very low). Adverse effects reported in the budesonide studies include nausea, vomiting, neck pain, abdominal pain, excessive sweating and headache. Adverse effects reported in the mesalamine studies included nausea and skin rash. Adverse effects in the prednisolone study included abdominal pain, headache, sleep disturbance, mood change and weight gain.",,non_pls,10.1002-14651858.CD003575.pub6-abstract.txt#L12,train,non_pls,cochrane,train/non_pls,False,4703,0,774,0,0.0,0.0,69.87988044614352,
"We included 138 studies (23,480,668 participants). Fifty‐one studies (10,248,159 children) assessed vaccine effectiveness and 87 studies (13,232,509 children) assessed the association between vaccines and a variety of harms. We included 74 new studies to this 2019 version of the review.EffectivenessVaccine effectiveness in preventing measles was 95% after one dose (relative risk (RR) 0.05, 95% CI 0.02 to 0.13; 7 cohort studies; 12,039 children; moderate certainty evidence) and 96% after two doses (RR 0.04, 95% CI 0.01 to 0.28; 5 cohort studies; 21,604 children; moderate certainty evidence). The effectiveness in preventing cases among household contacts or preventing transmission to others the children were in contact with after one dose was 81% (RR 0.19, 95% CI 0.04 to 0.89; 3 cohort studies; 151 children; low certainty evidence), after two doses 85% (RR 0.15, 95% CI 0.03 to 0.75; 3 cohort studies; 378 children; low certainty evidence), and after three doses was 96% (RR 0.04, 95% CI 0.01 to 0.23; 2 cohort studies; 151 children; low certainty evidence). The effectiveness (at least one dose) in preventing measles after exposure (post‐exposure prophylaxis) was 74% (RR 0.26, 95% CI 0.14 to 0.50; 2 cohort studies; 283 children; low certainty evidence).The effectiveness of Jeryl Lynn containing MMR vaccine in preventing mumps was 72% after one dose (RR 0.24, 95% CI 0.08 to 0.76; 6 cohort studies; 9915 children; moderate certainty evidence), 86% after two doses (RR 0.12, 95% CI 0.04 to 0.35; 5 cohort studies; 7792 children; moderate certainty evidence). Effectiveness in preventing cases among household contacts was 74% (RR 0.26, 95% CI 0.13 to 0.49; 3 cohort studies; 1036 children; moderate certainty evidence). Vaccine effectiveness against rubella, using a vaccine with the BRD2 strain which is only used in China, is 89% (RR 0.11, 95% CI 0.03 to 0.42; 1 cohort study; 1621 children; moderate certainty evidence). Vaccine effectiveness against varicella (any severity) after two doses in children aged 11 to 22 months is 95% in a 10 years follow‐up (rate ratio (rr) 0.05, 95% CI 0.03 to 0.08; 1 RCT; 2279 children; high certainty evidence).SafetyThere is evidence supporting an association between aseptic meningitis and MMR vaccines containing Urabe and Leningrad‐Zagreb mumps strains, but no evidence supporting this association for MMR vaccines containing Jeryl Lynn mumps strains (rr 1.30, 95% CI 0.66 to 2.56; low certainty evidence). The analyses provide evidence supporting an association between MMR/MMR+V/MMRV vaccines (Jeryl Lynn strain) and febrile seizures. Febrile seizures normally occur in 2% to 4% of healthy children at least once before the age of 5. The attributable risk febrile seizures vaccine‐induced is estimated to be from 1 per 1700 to 1 per 1150 administered doses.The analyses provide evidence supporting an association between MMR vaccination and idiopathic thrombocytopaenic purpura (ITP). However, the risk of ITP after vaccination is smaller than after natural infection with these viruses. Natural infection of ITP occur in 5 cases per 100,000 (1 case per 20,000) per year. The attributable risk is estimated about 1 case of ITP per 40,000 administered MMR doses.There is no evidence of an association between MMR immunisation and encephalitis or encephalopathy (rate ratio 0.90, 95% CI 0.50 to 1.61; 2 observational studies; 1,071,088 children; low certainty evidence), and autistic spectrum disorders (rate ratio 0.93, 95% CI 0.85 to 1.01; 2 observational studies; 1,194,764 children; moderate certainty). There is insufficient evidence to determine the association between MMR immunisation and inflammatory bowel disease (odds ratio 1.42, 95% CI 0.93 to 2.16; 3 observational studies; 409 cases and 1416 controls; moderate certainty evidence).Additionally, there is no evidence supporting an association between MMR immunisation and cognitive delay, type 1 diabetes, asthma, dermatitis/eczema, hay fever, leukaemia, multiple sclerosis, gait disturbance, and bacterial or viral infections.",,non_pls,10.1002-14651858.CD004407.pub5-abstract.txt#L12,train,non_pls,cochrane,train/non_pls,False,4048,0,610,0,0.0,0.0,46.42213611525088,
"Eleven studies (881 participants) were included. Comparisons included AZA versus placebo (7 studies, 532 participants), AZA or 6‐MP versus mesalazine or sulfasalazine (2 studies, 166 participants), AZA versus budesonide (1 study, 77 participants), AZA and infliximab versus infliximab (1 study, 36 patients), 6‐MP versus methotrexate (1 study, 31 patients), and early AZA versus conventional management (1 study, 147 participants). Two studies were rated as low risk of bias. Four studies were rated as high risk of bias for being non‐blinded or single‐blind. Five studies were rated as unclear risk of bias. A pooled analysis of six studies (489 participants) showed that AZA (1.0 to 2.5 mg/kg/day) was significantly superior to placebo for maintenance of remission over a 6 to 18 month period. Seventy‐three per cent of patients in the AZA group maintained remission compared to 62% of placebo patients (RR 1.19, 95% CI 1.05 to 1.34). The number needed to treat for an additional beneficial outcome was nine. A GRADE analysis indicated that the overall quality of the evidence supporting this outcome was low due to sparse data (327 events) and unclear risk of bias. A pooled analysis of two studies (166 participants) showed no statistically significant difference in the proportion of patients who maintained remission between AZA (1.0 to 2.5 mg/kg/day) or 6‐MP (1.0 mg/day) and mesalazine (3 g/day) or sulphasalazine (0.5 g/15 kg/day) therapy. Sixty‐nine per cent of patients in the AZA/6‐MP group maintained remission compared to 67% of mesalazine/sulphasalazine patients (RR 1.09, 95% CI 0.88 to 1.34). A GRADE analysis indicated that the overall quality of the evidence supporting this outcome was low due to sparse data (113 events) and high or unclear risk of bias. One small study found AZA (2.0 to 2.5 mg/kg/day) to be superior to budesonide (6 to 9 mg/day) for maintenance of remission at one year. Seventy‐six per cent (29/38) of AZA patients maintained remission compared to 46% (18/39) of budesonide patients (RR 1.65, 95% CI 1.13 to 2.42). GRADE indicated that the overall quality of the evidence supporting this outcome was low due to sparse data (47 events) and high risk of bias. One small study found no difference in maintenance of remission rates at one year between combination therapy with AZA (2.5 mg/kg) and infliximab (5 mg/kg every 8 weeks) compared to infliximab monotherapy. Eighty‐one per cent (13/16) of patients in the combination therapy group maintained remission compared to 80% (16/20) of patients in the infliximab group (RR 1.02, 95% CI 0.74 to 1.40). GRADE indicated that the overall quality of the evidence supporting this outcome was very low due to very sparse data (29 events) and high risk of bias. One small study found no difference in maintenance of remission rates at one year between 6‐MP (1 mg/kg/day) and methotrexate (10 mg/week). Fifty per cent (8/16) of 6‐MP patients maintained remission at one year compared to 53% (8/15) of methotrexate patients (RR 0.94, 95% CI 0.47 to 1.85). GRADE indicated that the overall quality of the evidence supporting this outcome was very low due to very sparse data (16 events) and high risk of bias. One study (147 participants) failed to show any significant benefit for early azathioprine treatment over a conventional management strategy. In the early azathioprine treatment group 67% (11‐85%) of trimesters were spent in remission compared to 56% (29‐73%) in the conventional management group. AZA when compared to placebo had a significantly increased risk of adverse events (RR 1.29, 95% CI 1.02 to 1.64), withdrawal due to adverse events (3.12, 95% CI 1.59 to 6.09) and serious adverse events (RR 2.45, 95% CI 1.22 to 4.90). AZA/6‐MP also demonstrated a significantly higher risk of serious adverse events when compared to mesalazine or sulphasalazine (RR 9.37, 95% CI 1.84 to 47.7). Common adverse events included pancreatitis, leukopenia, nausea, allergic reaction and infection.",,non_pls,10.1002-14651858.CD000067.pub3-abstract.txt#L12,train,non_pls,cochrane,train/non_pls,False,3978,0,635,0,0.0,0.0,56.425654974946326,
"Seven studies (495 patients) were included. Four studies were rated as low risk of bias. Three studies were rated as high risk of bias due to open label or single‐blind designs. The seven studies differed with respect to participants, intervention, and outcomes to the extent that meta‐analysis was considered to be inappropriate. GRADE analyses indicated that the quality of evidence was very low to low for most outcomes due to sparse data and inadequate blinding. Three small studies which employed low dose oral methotrexate showed no statistically significant difference in failure to induce remission between methotrexate and placebo or between methotrexate and 6‐mercaptopurine. For the study using 15 mg/week of oral methotrexate 33% (5/15) of methotrexate patients failed to enter remission compared to 11% (2/18) of placebo patients (RR 3.00, 95% CI 0.68 to 13.31). For the study using 12.5 mg/week of oral methotrexate 62% (16/26) of methotrexate patients failed to enter remission compared to 54% (14/26) of placebo patients (RR 1.14, 95% CI 0.72 to 1.82). This study also had an active comparator arm, 62% (16/26) of methotrexate patients failed to enter remission compared to 59% (19/32) of 6‐mercaptopurine patients (RR 1.04, 95% CI 0.68 to 1.57). For the active comparator study using 15 mg/week oral methotrexate, 20% (3/15) of methotrexate patients failed to enter remission compared to 6% of 6‐mercaptopurine patients (RR 3.20, 95% CI 0.37 to 27.49). This study also had a 5‐ASA arm and found that methotrexate patients were significantly more likely to enter remission than 5‐ASA patients. Twenty per cent (3/15) of methotrexate patients failed to enter remission compared to 86% (6/7) of 5‐ASA patients (RR 0.23, 95% CI 0.08 to 0.67). One small study which used a higher dose of intravenous or oral methotrexate (25 mg/week) showed no statistically significant difference between methotrexate and azathioprine. Forty‐four per cent (12/27) of methotrexate patients failed to enter remission compared to 37% of azathioprine patients (RR 1.20, 95% CI 0.63 to 2.29). Two studies found no statistically significant difference in failure to enter remission between the combination of infliximab and methotrexate and infliximab monotherapy. One small study utilized intravenous methotrexate (20 mg/week) for 5 weeks and then switched to oral (20 mg/week). Forty‐five per cent (5/11) of patients in the combination group failed to enter remission compared to 62% of infliximab patients (RR 0.73, 95% CI 0.31 to 1.69). The other study assessing combination therapy utilized subcutaneous methotrexate (maximum dose 25 mg/week). Twenty‐four per cent (15/63) of patients in the combination group failed to enter remission compared to 22% (14/63) of infliximab patients (RR 1.07, 95% CI 0.57 to 2.03). A large placebo‐controlled study which employed a high dose of methotrexate intramuscularly showed a statistically significant benefit relative to placebo. Sixty‐one per cent of methotrexate patients failed to enter remission compared to 81% of placebo patients (RR 0.75, 95% CI 0.61 to 0.93; number needed to treat, NNT=5). Withdrawals due to adverse events were significantly more common in methotrexate patients than placebo in this study. Seventeen per cent of methotrexate patients withdrew due to adverse events compared to 2% of placebo patients (RR 8.00, 95% CI 1.09 to 58.51). The incidence of adverse events was significantly more common in methotrexate patients (63%, 17/27) than azathioprine patients (26%, 7/27) in one small study (RR 2.42, 95% CI 1.21 to 4.89). No other statistically significant differences in adverse events, withdrawals due to adverse events or serious adverse events were reported in any of the other placebo‐controlled or active comparator studies. Common adverse events included nausea and vomiting, abdominal pain, diarrhea, skin rash and headache.",,non_pls,10.1002-14651858.CD003459.pub4-abstract.txt#L12,train,non_pls,cochrane,train/non_pls,False,3896,0,595,0,0.0,0.0,46.74204621848742,
"We included 17 RCTs with 1538 participants that had a wide age range and were suffering mainly from generalized epilepsy. The duration of treatment varied from 7.5 weeks to 1 year. All included trials had a high risk of bias with short follow‐up. Compared with Chinese herbs, needle acupuncture plus Chinese herbs was not effective in achieving at least 50% reduction in seizure frequency (80% in control group versus 90% in intervention group, RR 1.13, 95% CI 0.97 to 1.31, 2 trials; assumed risk 500 per 1000, corresponding risk 485 to 655 per 1000). Compared with valproate, needle acupuncture plus valproate was not effective in achieving freedom from seizures (44% in control group versus 42.7% in intervention group, RR 0.97, 95% CI 0.72 to 1.30, 2 trials; assumed risk 136 per 1000, corresponding risk 97 to 177 per 1000) or at least 50% reduction in seizure frequency (69.3% in control group versus 81.3% in intervention group, RR 1.34, 95% CI 0.52 to 3.48, 2 trials; assumed risk 556 per 1000, corresponding risk 289 to 1000 per 1000) but may have achieved better quality of life (QOL) after treatment (QOLIE‐31 score (higher score indicated better QOL) mean 170.22 points in the control group versus 180.32 points in the intervention group, MD 10.10 points, 95% CI 2.51 to 17.69 points, 1 trial). Compared with phenytoin, needle acupuncture was not effective in achieving at least 50% reduction in seizure frequency (70% in control group versus 94.4% in intervention group, RR 1.43, 95% CI 0.46 to 4.44, 2 trials; assumed risk 700 per 1000, corresponding risk 322 to 1000 per 1000). Compared with valproate, needle acupuncture was not effective in achieving seizure freedom (14.1% in control group versus 25.2% in intervention group, RR 1.75, 95% CI 0.93 to 3.27, 2 trials; assumed risk 136 per 1000, corresponding risk 126 to 445 per 1000) but may be effective in achieving at least 50% reduction in seizure frequency (55.3% in control group versus 73.7% in intervention group, RR 1.32, 95% CI 1.05 to 1.66, 2 trials; assumed risk 556 per 1000, corresponding risk 583 to 923 per 1000) and better QOL after treatment (QOLIE‐31 score mean 172.6 points in the control group versus 184.64 points in the intervention group, MD 12.04 points, 95% CI 4.05 to 20.03 points, 1 trial). Compared with antiepileptic drugs, catgut implantation at acupoints plus antiepileptic drugs was not effective in achieving seizure freedom (13% in control group versus 19.6% in intervention group, RR 1.51, 95% CI 0.93 to 2.43, 4 trials; assumed risk 127 per 1000, corresponding risk 118 to 309 per 1000) but may be effective in achieving at least 50% reduction in seizure frequency (63.1% in control group versus 82% in intervention group, RR 1.42, 95% CI 1.07 to 1.89, 5 trials; assumed risk 444 per 1000, corresponding risk 475 to 840 per 1000) and better QOL after treatment (QOLIE‐31 score (higher score indicated worse quality of life) mean 53.21 points in the control group versus 45.67 points in the intervention group, MD ‐7.54 points, 95% CI ‐14.47 to ‐0.61 points, 1 trial). Compared with valproate, catgut implantation may be effective in achieving seizure freedom (8% in control group versus 19.7% in intervention group, RR 2.82, 95% CI 1.61 to 4.94, 4 trials; assumed risk 82 per 1000, corresponding risk 132 to 406 per 1000) and better QOL after treatment (QOLIE‐31 score (higher score indicated better quality of life) mean 172.6 points in the control group versus 191.33 points in the intervention group, MD 18.73 points, 95% CI 11.10 to 26.36 points, 1 trial) but not at least 50% reduction in seizure frequency (65.6% in control group versus 91.7% in intervention group, RR 1.31, 95% CI 0.94 to 1.84, 4 trials; assumed risk 721 per 1000, corresponding risk 677 to 1000 per 1000). Acupuncture did not have excess adverse events compared to control treatment in the included trials.",,non_pls,10.1002-14651858.CD005062.pub4-abstract.txt#L12,test,non_pls,cochrane,test/non_pls,False,3885,0,649,0,0.0,0.0,73.57508630741683,
"We identified 159 randomised clinical trials. Ninety‐four trials reported no mortality, and nine trials reported mortality but did not report in which intervention group the mortality occurred. Accordingly, 56 randomised trials with 95,286 participants provided usable data on mortality. The age of participants ranged from 18 to 107 years. Most trials included women older than 70 years. The mean proportion of women was 77%. Forty‐eight of the trials randomly assigned 94,491 healthy participants. Of these, four trials included healthy volunteers, nine trials included postmenopausal women and 35 trials included older people living on their own or in institutional care. The remaining eight trials randomly assigned 795 participants with neurological, cardiovascular, respiratory or rheumatoid diseases. Vitamin D was administered for a weighted mean of 4.4 years. More than half of the trials had a low risk of bias. All trials were conducted in high‐income countries. Forty‐five trials (80%) reported the baseline vitamin D status of participants based on serum 25‐hydroxyvitamin D levels. Participants in 19 trials had vitamin D adequacy (at or above 20 ng/mL). Participants in the remaining 26 trials had vitamin D insufficiency (less than 20 ng/mL). Vitamin D decreased mortality in all 56 trials analysed together (5,920/47,472 (12.5%) vs 6,077/47,814 (12.7%); RR 0.97 (95% confidence interval (CI) 0.94 to 0.99); P = 0.02; I2 = 0%). More than 8% of participants dropped out. 'Worst‐best case' and 'best‐worst case' scenario analyses demonstrated that vitamin D could be associated with a dramatic increase or decrease in mortality. When different forms of vitamin D were assessed in separate analyses, only vitamin D3 decreased mortality (4,153/37,817 (11.0%) vs 4,340/38,110 (11.4%); RR 0.94 (95% CI 0.91 to 0.98); P = 0.002; I2 = 0%; 75,927 participants; 38 trials). Vitamin D2, alfacalcidol and calcitriol did not significantly affect mortality. A subgroup analysis of trials at high risk of bias suggested that vitamin D2 may even increase mortality, but this finding could be due to random errors. Trial sequential analysis supported our finding regarding vitamin D3, with the cumulative Z‐score breaking the trial sequential monitoring boundary for benefit, corresponding to 150 people treated over five years to prevent one additional death. We did not observe any statistically significant differences in the effect of vitamin D on mortality in subgroup analyses of trials at low risk of bias compared with trials at high risk of bias; of trials using placebo compared with trials using no intervention in the control group; of trials with no risk of industry bias compared with trials with risk of industry bias; of trials assessing primary prevention compared with trials assessing secondary prevention; of trials including participants with vitamin D level below 20 ng/mL at entry compared with trials including participants with vitamin D levels equal to or greater than 20 ng/mL at entry; of trials including ambulatory participants compared with trials including institutionalised participants; of trials using concomitant calcium supplementation compared with trials without calcium; of trials using a dose below 800 IU per day compared with trials using doses above 800 IU per day; and of trials including only women compared with trials including both sexes or only men. Vitamin D3 statistically significantly decreased cancer mortality (RR 0.88 (95% CI 0.78 to 0.98); P = 0.02; I2 = 0%; 44,492 participants; 4 trials). Vitamin D3 combined with calcium increased the risk of nephrolithiasis (RR 1.17 (95% CI 1.02 to 1.34); P = 0.02; I2 = 0%; 42,876 participants; 4 trials). Alfacalcidol and calcitriol increased the risk of hypercalcaemia (RR 3.18 (95% CI 1.17 to 8.68); P = 0.02; I2 = 17%; 710 participants; 3 trials).",,non_pls,10.1002-14651858.CD007470.pub3-abstract.txt#L13,train,non_pls,cochrane,train/non_pls,False,3847,0,595,0,0.0,0.0,39.64257692307697,
"We included 54 studies involving a total of 3,196 participants evaluating the diagnostic accuracy of various index tests. In these 54 studies, eight different target conditions were identified with different final diagnoses constituting benign, precancerous, and cancerous lesions. None of the studies was of high methodological quality. None of the comparisons in which single studies were included was of sufficiently high methodological quality to warrant highlighting of the results. For differentiation of cancerous lesions from benign or precancerous lesions, we identified only one study per index test. The second analysis, of studies differentiating cancerous versus benign lesions, provided three tests in which meta‐analysis could be performed. The sensitivities and specificities for diagnosing cancer were: EUS‐FNA: sensitivity 0.79 (95% confidence interval (CI) 0.07 to 1.00), specificity 1.00 (95% CI 0.91 to 1.00); EUS: sensitivity 0.95 (95% CI 0.84 to 0.99), specificity 0.53 (95% CI 0.31 to 0.74); PET: sensitivity 0.92 (95% CI 0.80 to 0.97), specificity 0.65 (95% CI 0.39 to 0.84). The third analysis, of studies differentiating precancerous or cancerous lesions from benign lesions, only provided one test (EUS‐FNA) in which meta‐analysis was performed. EUS‐FNA had moderate sensitivity for diagnosing precancerous or cancerous lesions (sensitivity 0.73 (95% CI 0.01 to 1.00) and high specificity 0.94 (95% CI 0.15 to 1.00), the extremely wide confidence intervals reflecting the heterogeneity between the studies). The fourth analysis, of studies differentiating cancerous (invasive carcinoma) from precancerous (dysplasia) provided three tests in which meta‐analysis was performed. The sensitivities and specificities for diagnosing invasive carcinoma were: CT: sensitivity 0.72 (95% CI 0.50 to 0.87), specificity 0.92 (95% CI 0.81 to 0.97); EUS: sensitivity 0.78 (95% CI 0.44 to 0.94), specificity 0.91 (95% CI 0.61 to 0.98); EUS‐FNA: sensitivity 0.66 (95% CI 0.03 to 0.99), specificity 0.92 (95% CI 0.73 to 0.98). The fifth analysis, of studies differentiating cancerous (high‐grade dysplasia or invasive carcinoma) versus precancerous (low‐ or intermediate‐grade dysplasia) provided six tests in which meta‐analysis was performed. The sensitivities and specificities for diagnosing cancer (high‐grade dysplasia or invasive carcinoma) were: CT: sensitivity 0.87 (95% CI 0.00 to 1.00), specificity 0.96 (95% CI 0.00 to 1.00); EUS: sensitivity 0.86 (95% CI 0.74 to 0.92), specificity 0.91 (95% CI 0.83 to 0.96); EUS‐FNA: sensitivity 0.47 (95% CI 0.24 to 0.70), specificity 0.91 (95% CI 0.32 to 1.00); EUS‐FNA carcinoembryonic antigen 200 ng/mL: sensitivity 0.58 (95% CI 0.28 to 0.83), specificity 0.51 (95% CI 0.19 to 0.81); MRI: sensitivity 0.69 (95% CI 0.44 to 0.86), specificity 0.93 (95% CI 0.43 to 1.00); PET: sensitivity 0.90 (95% CI 0.79 to 0.96), specificity 0.94 (95% CI 0.81 to 0.99). The sixth analysis, of studies differentiating cancerous (invasive carcinoma) from precancerous (low‐grade dysplasia) provided no tests in which meta‐analysis was performed. The seventh analysis, of studies differentiating precancerous or cancerous (intermediate‐ or high‐grade dysplasia or invasive carcinoma) from precancerous (low‐grade dysplasia) provided two tests in which meta‐analysis was performed. The sensitivity and specificity for diagnosing cancer were: CT: sensitivity 0.83 (95% CI 0.68 to 0.92), specificity 0.83 (95% CI 0.64 to 0.93) and MRI: sensitivity 0.80 (95% CI 0.58 to 0.92), specificity 0.81 (95% CI 0.53 to 0.95), respectively. The eighth analysis, of studies differentiating precancerous or cancerous (intermediate‐ or high‐grade dysplasia or invasive carcinoma) from precancerous (low‐grade dysplasia) or benign lesions provided no test in which meta‐analysis was performed.",,non_pls,10.1002-14651858.CD010213.pub2-abstract.txt#L12,train,non_pls,cochrane,train/non_pls,False,3819,0,548,0,0.0,0.0,33.62422188363692,
"Twelve studies (n = 1273 patients) were included in the review: eight studies compared budesonide to placebo, one compared budesonide to 5‐aminosalicylates, one compared budesonide to traditional systemic corticosteroids, one compared budesonide to azathioprine, and one compared two doses of budesonide. Nine studies used a controlled ileal release form of budesonide, while three used a pH‐modified release formulation. Nine studies were judged to be at low risk of bias. Three studies were judged to be at high risk of bias due to blinding and one of these studies also had inadequate allocation concealment. Budesonide 6 mg daily was no more effective than placebo for maintenance of remission at 3 months, 6 months or 12 months. At three months 64% of budesonide 6 mg patients remained in remission compared to 52% of placebo patients (RR 1.25, 95% CI 1.00 to 1.58; 6 studies, 540 patients). A GRADE analysis indicated that the overall quality of the evidence for this outcome was low due to moderate heterogeneity (I2 = 56%) and sparse data (315 events). At six months 61% of budesonide 6 mg patients remained in remission compared to 52% of placebo patients (RR 1.15, 95% CI 0.95 to 1.39; 5 studies, 420 patients). A GRADE analysis indicated that the overall quality of the evidence for this outcome was moderate due to sparse data (238 events). At 12 months 55% of budesonide 6 mg patients remained in remission compared to 48% of placebo patients (RR 1.13; 95% CI 0.94 to 1.35; 5 studies, 420 patients). A GRADE analysis indicated that the overall quality of the evidence for this outcome was moderate due to sparse data (215 events). Similarly, there was no significant benefit for budesonide 3 mg compared to placebo at 6 and 12 months. There was no statistically significant difference in continued remission at 12 months between budesonide and weaning doses of prednisolone (RR 0.79; 95% CI 0.55 to 1.13; 1 study, 90 patients). A GRADE analysis indicated that the overall quality of the evidence supporting this outcome was low due to sparse data (51 events) and high risk of bias (no blinding). Budesonide 6 mg was better than mesalamine 3 g/day at 12 months (RR 2.51, 95% CI 1.03 to 6.12; 1 study, 57 patients). A GRADE analysis indicated that the overall quality of the evidence supporting this outcome was very low due to very sparse data (18 events) and high risk of bias (no blinding). There was no statistically significant difference in continued remission at 12 months between budesonide and azathioprine (RR 0.81; 95% CI 0.61 to 1.08; 1 study 77 patients). A GRADE analysis indicated that the overall quality of the evidence supporting this outcome was very low due to sparse data (55 events) and high risk of bias (single‐blind and no allocation concealment). The use of budesonide 6 mg resulted in slight improvements in CDAI scores when assessed at 6 months (MD ‐24.30, 95% CI ‐46.31 to ‐2.29) and 12 months (MD ‐23.49, 95% CI ‐46.65 to ‐0.32) and mean time to relapse of disease (MD 59.93 days, 95% CI 19.02 to 100.84). Mean time to relapse was significantly shorter for patients receiving budesonide than for those receiving azathioprine (MD ‐58.00, 95% CI ‐96.68 to ‐19.32). Adverse events were not more common in patients treated with budesonide compared to placebo (6 mg: RR 1.51, 95% CI 0.90 to 2.52; 3 mg: RR 1.19, 95% CI 0.63 to 2.24). These events were relatively minor and did not result in increased rates of study withdrawal. Commonly reported treatment‐related adverse effects included acne, moon facies, hirsutism, mood swings, insomnia, weight gain, striae, and hair loss. Abnormal adrenocorticoid stimulation tests were seen more frequently in patients receiving both 6 mg (RR 2.88, 95% CI 1.72 to 4.82) and 3 mg daily (RR 2.73, 95% CI 1.34 to 5.57) compared to placebo.",,non_pls,10.1002-14651858.CD002913.pub3-abstract.txt#L12,train,non_pls,cochrane,train/non_pls,False,3812,0,639,0,0.0,0.0,62.43407465550325,
"Seventeen eligible studies were identified with a total of 931 participants. Most participants had chronic constipation and dyssynergic defecation. Sixteen of the trials were at high risk of bias for blinding. Attrition bias (4 trials) and other potential bias (5 trials) was also noted. Due to differences between study populations, the heterogeneity of the different samples and large range of different outcome measures, meta‐analysis was not possible. Different effect sizes were reported ranging from 40 to 100% of patients who received biofeedback improving following the intervention. While electromyograph (EMG) biofeedback was the most commonly used, there is a lack of evidence as to whether any one method of biofeedback is more effective than any other method of biofeedback. We found low or very low quality evidence that biofeedback is superior to oral diazepam, sham biofeedback and laxatives. One study (n = 60) found EMG biofeedback to be superior to oral diazepam. Seventy per cent (21/30) of biofeedback patients had improved constipation at three month follow‐up compared to 23% (7/30) of diazepam patients (RR 3.00, 95% CI 1.51 to 5.98). One study compared manometry biofeedback to sham biofeedback or standard therapy consisting of diet, exercise and laxatives. The mean number of complete spontaneous bowel movements (CSBM) per week at three months was 4.6 in the biofeedback group compared to 2.8 in the sham biofeedback group (MD 1.80, 95% CI 1.25 to 2.35; 52 patients). The mean number of CSBM per week at three months was 4.6 in the biofeedback group compared to 1.9 in the standard care group (MD 2.70, 95% CI 1.99 to 3.41; 49 patients). Another study (n = 109) compared EMG biofeedback to conventional treatment with laxatives and dietary and lifestyle advice. This study found that at both 6 and 12 months 80% (43/54) of biofeedback patients reported clinical improvement compared to 22% (12/55) laxative‐treated patients (RR 3.65, 95% CI 2.17 to 6.13). Some surgical procedures (partial division of puborectalis and stapled transanal rectal resection (STARR)) were reported to be superior to biofeedback, although with a high risk of adverse events in the surgical groups (wound infection, faecal incontinence, pain, and bleeding that required further surgical intervention). Successful treatment, defined as a decrease in the obstructed defecation score of > 50% at one year was reported in 33% (3/39) of EMG biofeedback patients compared to 82% (44/54) of STARR patients (RR 0.41, 95% CI 0.26 to 0.65). For the other study the mean constipation score at one year was 16.1 in the balloon sensory biofeedback group compared to 10.5 in the partial division of puborectalis surgery group (MD 5.60, 95% CI 4.67 to 6.53; 40 patients). Another study (n = 60) found no significant difference in efficacy did not demonstrate the superiority of a surgical intervention (posterior myomectomy of internal anal sphincter and puborectalis) over biofeedback. Conflicting results were found regarding the comparative effectiveness of biofeedback and botulinum toxin‐A. One small study (48 participants) suggested that botulinum toxin‐A injection may have short term benefits over biofeedback, but the relative effects of treatments were uncertain at one year follow‐up. No adverse events were reported for biofeedback, although this was not specifically reported in the majority of studies. The results of all of these studies need to be interpreted with caution as GRADE analyses rated the overall quality of the evidence for the primary outcomes (i.e. clinical or global improvement as defined by the studies) as low or very low due to high risk of bias (i.e. open label studies, self‐selection bias, incomplete outcome data, and baseline imbalance) and imprecision (i.e. sparse data).",,non_pls,10.1002-14651858.CD008486.pub2-abstract.txt#L12,train,non_pls,cochrane,train/non_pls,False,3804,0,593,0,0.0,0.0,43.31091293275264,
"Nine RCTs (n = 4143) were included. Biologics included rituximab (one small study), interferon‐ß‐1a (one study), vedolizumab (one study), and the tumor necrosis factor‐alpha (TNF‐α) antagonists infliximab (two studies), adalimumab (three studies), and golimumab (one study). Risk of bias was low in eight studies. The rituximab study was judged to be at high risk of bias due to attrition bias. The studies comparing interferon‐ß‐1a and rituximab to placebo found no clear evidence of a difference in the proportion of patients who experienced an improvement in HRQL at 8 or 12 weeks respectively. The proportion of patients with a clinically meaningful improvement in HRQL at 6 or 52 weeks was significantly higher in vedolizumab patients compared to placebo. At 6 weeks 37% (83/225) of vedolizumab patients had an improvement in IBDQ score of at least 16 points from baseline compared to 23% (34/149) of placebo patients (RR 1.62, 95% CI 1.15 to 2.27; 1 study). At 52 weeks, 64% (157/247) of vedolizumab patients had an improvement in IBDQ score of at least 16 points from baseline compared to 38% (48/126) of placebo patients (RR 1.62, 95% CI 1.15 to 2.27; 1 study). A GRADE analysis indicated that the overall quality of the evidence supporting these outcomes was moderate due to sparse data (< 400 events). Patients who received maintenance vedolizumab every eight weeks had significantly higher mean SF‐36 scores than placebo patients at 52 weeks (MD 3.40, 95% CI 1.56 to 5.24, 1 study 248 patients). This difference appears to be clinically meaningful as the lower boundary for a clinically meaningful change in SF‐36 is three points. A GRADE analysis indicated that the overall quality of the evidence supporting this outcome was moderate due to sparse data (< 400 events). Adalimumab patients had significantly higher mean IBDQ scores than placebo patients at weeks 8 (MD 9.00, 95% CI 2.65 to 15.35; 1 study, 494 patients) and 52 (MD 8.00, 95% CI 0.68 to 15.32; 1 study, 494 patients). However, these differences may not be clinically meaningful as the lower boundary for a clinically meaningful change in IBDQ is 16 points. A GRADE analysis indicated that the overall quality of the evidence supporting this outcome was moderate due to sparse data (< 400 events). Golimumab patients who received a dose of 200/100 mg (MD 12.20, 95% CI 6.52 to 17.88; 504 patients) or 400/200 mg (MD 12.10, 95% CI 6.40 to 17.80; 508 patients) had significantly higher mean IBDQ scores than placebo patients at week 6. Although a GRADE analysis indicated that the overall quality of the evidence supporting these outcomes was high, the difference in IBDQ scores may not be clinically meaningful. Infliximab patients had significantly higher mean IBDQ scores at week 6 or 8 than placebo patients (MD 18,58, 95% CI 13.19 to 23.97; 2 studies, 529 patients). This difference in HRQL is clinically meaningful. A GRADE analysis indicated that the overall quality of the evidence supporting this outcome was high. The proportion of patients with a clinically meaningful improvement in HRQL at eight weeks was significantly higher in infliximab patients compared to placebo. Sixty‐nine per cent (333/484) of infliximab patients had an improvement in IBDQ score of > 16 points from baseline compared to 50% of placebo patients (RR 1.39, 95% CI 1.21 to 1.60; 1 study). A GRADE analysis indicated that the overall quality of the evidence supporting this outcome was high. Similar results were found between infliximab and placebo when HRQL was measured using the SF‐36 instrument. One small study (n = 43) found no difference in HRQL between infliximab and placebo when measured by the EQ‐5D. Pooled analyses of TNF‐α antagonists showed a benefit in HRQL favouring TNF‐α over placebo.",,non_pls,10.1002-14651858.CD008655.pub3-abstract.txt#L12,train,non_pls,cochrane,train/non_pls,False,3764,0,614,0,0.0,0.0,54.01368927125509,
"Nine studies compared multivitamins with placebo (7 studies) or no treatment (2 studies) in people with early and moderate AMD. The duration of supplementation and follow‐up ranged from nine months to six years; one trial followed up beyond two years. Most evidence came from the Age‐Related Eye Disease Study (AREDS) in the USA. People taking antioxidant vitamins were less likely to progress to late AMD (odds ratio (OR) 0.72, 95% confidence interval (CI) 0.58 to 0.90; 2445 participants; 3 RCTs; moderate‐certainty evidence). In people with very early signs of AMD, who are at low risk of progression, this would mean that there would be approximately 4 fewer cases of progression to late AMD for every 1000 people taking vitamins (1 fewer to 6 fewer cases). In people at high risk of progression (i.e. people with moderate AMD) this would correspond to approximately 8 fewer cases of progression for every 100 people taking vitamins (3 fewer to 13 fewer). In one study of 1206 people, there was a lower risk of progression for both neovascular AMD (OR 0.62, 95% CI 0.47 to 0.82; moderate‐certainty evidence) and geographic atrophy (OR 0.75, 95% CI 0.51 to 1.10; moderate‐certainty evidence) and a lower risk of losing 3 or more lines of visual acuity (OR 0.77, 95% CI 0.62 to 0.96; 1791 participants; moderate‐certainty evidence). Low‐certainty evidence from one study of 110 people suggested higher quality of life scores (National Eye Institute Visual Function Questionnaire) in treated compared with the non‐treated people after 24 months (mean difference (MD) 12.30, 95% CI 4.24 to 20.36). Six studies compared lutein (with or without zeaxanthin) with placebo. The duration of supplementation and follow‐up ranged from six months to five years. Most evidence came from the AREDS2 study in the USA. People taking lutein or zeaxanthin may have similar or slightly reduced risk of progression to late AMD (RR 0.94, 95% CI 0.87 to 1.01; 6891 eyes; low‐certainty evidence), neovascular AMD (RR 0.92, 95% CI 0.84 to 1.02; 6891 eyes; low‐certainty evidence), and geographic atrophy (RR 0.92, 95% CI 0.80 to 1.05; 6891 eyes; low‐certainty evidence). A similar risk of progression to visual loss of 15 or more letters was seen in the lutein and control groups (RR 0.98, 95% CI 0.91 to 1.05; 6656 eyes; low‐certainty evidence). Quality of life (measured with Visual Function Questionnaire) was similar between groups in one study of 108 participants (MD 1.48, 95% ‐5.53 to 8.49, moderate‐certainty evidence). One study, conducted in Australia, compared vitamin E with placebo. This study randomised 1204 people to vitamin E or placebo, and followed up for four years. Participants were enrolled from the general population; 19% had AMD. The number of late AMD events was low (N = 7) and the estimate of effect was uncertain (RR 1.36, 95% CI 0.31 to 6.05, very low‐certainty evidence). There were no data on neovascular AMD or geographic atrophy.There was no evidence of any effect of treatment on visual loss (RR 1.04, 95% CI 0.74 to 1.47, low‐certainty evidence). There were no data on quality of life. Five studies compared zinc with placebo. The duration of supplementation and follow‐up ranged from six months to seven years. People taking zinc supplements may be less likely to progress to late AMD (OR 0.83, 95% CI 0.70 to 0.98; 3790 participants; 3 RCTs; low‐certainty evidence), neovascular AMD (OR 0.76, 95% CI 0.62 to 0.93; 2442 participants; 1 RCT; moderate‐certainty evidence), geographic atrophy (OR 0.84, 95% CI 0.64 to 1.10; 2442 participants; 1 RCT; moderate‐certainty evidence), or visual loss (OR 0.87, 95% CI 0.75 to 1.00; 3791 participants; 2 RCTs; moderate‐certainty evidence). There were no data reported on quality of life.",,non_pls,10.1002-14651858.CD000254.pub4-abstract.txt#L13,train,non_pls,cochrane,train/non_pls,False,3744,0,607,0,0.0,0.0,54.617030381120315,
"Twenty studies (2367 patients) were included. Two studies were judged to be at high risk of bias due to lack of blinding. Eight studies were judged to be at high risk of bias due to incomplete outcomes data (high drop‐out rates) and potential selective reporting. The other 10 studies were judged to be at low risk of bias. A non‐significant trend in favour of sulfasalazine over placebo for inducing remission was observed, with benefit confined mainly to patients with Crohn's colitis. Forty‐five per cent (63/141) of sulfasalazine patients entered remission at 17‐18 weeks compared to 29% (43/148) of placebo patients (RR 1.38, 95% CI 1.00 to 1.89, 2 studies). A GRADE analysis rated the overall quality of the evidence supporting this outcome as moderate due to sparse data (106 events). There was no difference between sulfasalazine and placebo in adverse event outcomes. Sulfasalazine was significantly less effective than corticosteroids and inferior to combination therapy with corticosteroids (RR 0.64, 95% CI 0.47 to 0.86, 1 study, 110 patients). Forty‐three per cent (55/128) of sulfasalazine patients entered remission at 17 to 18 weeks compared to 60% (79/132) of corticosteroid patients (RR 0.68, 95% CI 0.51 to 0.91; 2 studies, 260 patients). A GRADE analysis rated the overall quality of the evidence supporting this outcome as moderate due to sparse data (134 events). Sulfasalazine patients experienced significantly fewer adverse events than corticosteroid patients (RR 0.43, 95% CI 0.22 to 0.82; 1 study, 159 patients). There was no difference between sulfasalazine and corticosteroids in serious adverse events or withdrawal due to adverse events. Olsalazine was less effective than placebo in a single trial (RR 0.36, 95% CI 0.18 to 0.71; 91 patients). Low dose mesalamine (1 to 2 g/day) was not superior to placebo for induction of remission. Twenty‐three per cent (43/185) of low dose mesalamine patients entered remission at week 6 compared to 15% (18/117) of placebo patients (RR = 1.46, 95% CI 0.89 to 2.40; n = 302). A GRADE analysis indicated that the overall quality of the evidence supporting this outcome was low due to risk of bias (incomplete outcome data) and sparse data (61 events). There was no difference between low dose mesalamine and placebo in the proportion of patients who had adverse events (RR 1.33, 95% CI 0.91 to 1.96; 3 studies, 342 patients) or withdrew due to adverse events (RR 1.21, 95% CI 0.75 to 1.95; 3 studies, 342 patients). High dose controlled‐release mesalamine (4 g/day) was not superior to placebo, inducing a clinically non significant reduction in CDAI (MD ‐19.8 points, 95% CI ‐46.2 to 6.7; 3 studies, 615 patients), and was also inferior to budesonide (RR 0.56, 95% CI 0.40 to 0.78; 1 study, 182 patients, GRADE = low). While high dose delayed‐release mesalamine (3 to 4.5 g/day) was not superior to placebo for induction of remission (RR 2.02, 95% CI 0.75 to 5.45; 1 study, 38 patients, GRADE = very low), no significant difference in efficacy was found when compared to conventional corticosteroids (RR 1.04, 95% CI 0.79 to 1.36; 3 studies, 178 patients, GRADE = moderate) or budesonide (RR 0.89, 95% CI 0.76 to 1.05; 1 study, 307 patients, GRADE = moderate). However, these trials were limited by risk of bias (incomplete outcome data) and sparse data (small numbers of events). There was a lack of good quality clinical trials comparing sulfasalazine with other mesalamine formulations. Adverse events that were commonly reported included headache, nausea, vomiting, abdominal pain and diarrhea.",,non_pls,10.1002-14651858.CD008870.pub2-abstract.txt#L12,test,non_pls,cochrane,test/non_pls,False,3567,0,576,0,0.0,0.0,61.84640350877194,
"Six RCTs (n = 2324 patients) met the inclusion criteria. A low risk of bias was assigned to all studies. The two briakinumab trials were not pooled due to differences in doses and time points for analysis. In both studies there was no statistically significant difference in remission rates. One study (n = 79) compared doses of 1 mg/kg and 3 mg/kg to placebo. In the briakinumab group 70% (44/63) of patients failed to enter clinical remission at 6 or 9 weeks compared to 81% (13/16) of placebo patients (RR 0.86, 95% CI 0.65 to 1.14). Subgroup analysis revealed no significant differences by dose. The other briakinumab study (n = 230) compared intravenous doses of 200 mg, 400 mg and 700 mg with placebo. Eighty‐four per cent (154/184) of briakinumab patients failed to enter clinical remission at six weeks compared to 91% (42/46) of placebo patients (RR 0.92, 95% CI 0.83 to 1.03). Subgroup analysis revealed no significant differences by dose. GRADE analyses of the briakinumab studies rated the overall quality of the evidence for the outcome clinical remission as low. Based on the results of these two studies the manufacturers of briakinumab stopped production of this medication. The ustekinumab studies were pooled despite differences in intravenous doses (i.e. 1mg/kg, 3 mg/kg, 4.5 mg/kg, and 6 mg/kg), however the subcutaneous dose group was not included in the analysis, as it was unclear if subcutaneous was equivalent to intravenous dosing. There was a statistically significant difference in remission rates. At week six, 84% (764/914) of ustekinumab patients failed to enter remission compared to 90% (367/406) of placebo patients (RR 0.92, 95% CI 0.88 to 0.96; 3 studies; high‐quality evidence). Subgroup analysis showed a statistically significant difference for the 6.0 mg/kg dose group (moderate‐quality evidence). There were statistically significant differences in clinical improvement between ustekinumab and placebo‐treated patients. In the ustekinumab group, 55% (502/914) of patients failed to improve clinically (i.e. 70‐point decline in CDAI score), compared to 71% (287/406) of placebo patients (RR 0.78, 95% CI 0.71 to 0.85; 3 studies). Subgroup analysis revealed significant differences compared to placebo for the 1 mg/kg, 4.5 mg/kg and 6 mg/kg dosage subgroups. Similarly for a 100‐point decline in CDAI, 64% (588/914) of patients in the ustekinumab group failed to improve clinically compared to 78% (318/406) of placebo patients (RR 0.82, 95% CI 0.77 to 0.88; 3 studies; high‐quality evidence). Subgroup analysis showed a significant difference compared to placebo for the 4.5 mg/kg and 6.0 mg/kg (high‐quality evidence) dose groups. There were no statistically significant differences in the incidence of adverse events, serious adverse events or withdrawal due to adverse events. Sixty‐two per cent (860/1386) of ustekinumab patients developed at least one adverse event compared to 64% (407/637) of placebo patients (RR 0.97, 95% CI 0.90 to 1.04; 4 studies; high‐quality evidence). Five per cent (75/1386) of ustekinumab patients had a serious adverse event compared to 6% (41/637) of placebo patients (RR 0.83, 95% CI 0.58 to 1.20; 4 studies; moderate‐quality evidence). The most common adverse events in briakinumab patients were injection site reactions and infections. Infections were the most common adverse event in ustekinumab patients. Worsening of Crohn's disease and serious infections were the most common serious adverse events.",,non_pls,10.1002-14651858.CD007572.pub3-abstract.txt#L12,train,non_pls,cochrane,train/non_pls,False,3481,0,536,0,0.0,0.0,49.0140387270346,
"Six studies (1808 participants) were included. Four studies compared budesonide‐MMX® with placebo, one small pilot study looked at clinical remission at week four, and was subsequently followed by three large, studies that assessed combined clinical and endoscopic remission at week eight. Although two placebo‐controlled studies had mesalamine and Entocort (standard budesonide) treatment arms, these studies were not sufficiently powered to compare Budesonide‐MMX® with these active comparators. One small study compared standard budesonide with prednisolone and one study compared standard budesonide to mesalamine. Four studies were rated as low risk of bias and two studies had an unclear risk of bias. A pooled analysis of three studies (900 participants) showed that budesonide‐MMX® 9 mg was significantly superior to placebo for inducing remission (combined clinical and endoscopic remission) at 8 weeks. Fifteen per cent (71/462) of budesonide‐MMX® 9 mg patients achieved remission compared to 7% (30/438) of placebo patients (RR 2.25, 95% CI 1.50 to 3.39). A GRADE analysis indicated that the overall quality of the evidence supporting this outcome was moderate due to sparse data (101 events). A subgroup analysis by concurrent mesalamine use suggests higher efficacy in the 442 patients who were not considered to be mesalamine‐refractory (RR 2.89, 95% CI 1.59 to 5.25). A subgroup analysis by disease location suggests budesonide is most effective in patients with left‐sided disease (RR 2.98, 95% CI 1.56 to 5.67; 289 patients). A small pilot study reported no statistically significant difference in endoscopic remission between budesonide and prednisolone (RR 0.75, 95% CI 0.23 to 2.42; 72 patients). GRADE indicated that the overall quality of the evidence supporting this outcome was very low due to unclear risk of bias and very sparse data (10 events). Standard oral budesonide was significantly less likely to induce clinical remission than oral mesalamine after 8 weeks of therapy (RR 0.72, 95% CI 0.57 to 0.91; 1 study, 343 patients). A GRADE analysis indicated that the overall quality of the evidence supporting this outcome was moderate due to sparse data (161 events). Another study found no difference in remission rates between budesonide‐MMX® 9 mg and mesalamine (RR 1.48, 95% CI 0.81 to 2.71; 247 patients). GRADE indicated that the overall quality of the evidence supporting this outcome was low due to very sparse data (37 events). One study found no difference in remission rates between budesonide‐MMX® 9 mg and standard budesonide 9 mg (RR 1.38, 95% CI 0.72 to 2.65; 212 patients). A GRADE analysis indicated that the overall quality of the evidence supporting this outcome was low due to very sparse data (32 events). Suppression of plasma cortisol was more common in prednisolone‐treated patients (RR 0.02, 95% CI 0.0 to 0.33). While budesonide does appear to suppress morning cortisol to some extent, mean morning cortisol values remained within the normal range in 2 large studies (n = 899) and there was no difference in glucocorticoid‐related side‐effects across different treatment groups. Further, study withdrawal due to adverse events was not more common in budesonide compared with placebo treated patients (RR 0.85, 95% CI 0.53 to 1.38). Common adverse events included worsening ulcerative colitis, headache, pyrexia, insomnia, back pain, nausea, abdominal pain, diarrhoea, flatulence and nasopharyngitis.",,non_pls,10.1002-14651858.CD007698.pub3-abstract.txt#L12,train,non_pls,cochrane,train/non_pls,False,3453,0,526,0,0.0,0.0,49.15904761904764,
"Two RCTs including 172 patients with moderate to severe UC who failed conventional therapy met the inclusion criteria. Both studies were rated as low risk of bias. We did not pool efficacy data from the two included studies due to differences in dose and route of administration. The small phase I study found no statistically significant differences between etrolizumab and placebo in the proportion of patients who failed to enter remission (RR 1.04, 95% CI 1.04 to 1.69; participants = 23) or respond at week 10 (RR 1.67, 95% CI 0.26 to 10.82; participants = 23). The phase II study reported on failure to enter clinical remission at weeks 6 and 10. In the etrolizumab group 91% (71/78) of patients failed to enter remission at week 6 compared to 95% (39/41) of placebo patients (RR 0.96, 95% CI 0.87 to 1.06). Subgroup analysis revealed no statistically significant differences by dose. At week 10, there was a statistically significant difference in clinical remission rates favouring etrolizumab over placebo. Of the patients who received etrolizumab, 85% (66/78) failed to enter remission at week 10 compared to 100% (41/41) patients in the placebo group (RR 0.86, 95% CI 0.77 to 0.95). A subgroup analysis by dose found a statistically significant difference in clinical remission rates favoring 100 mg etrolizumab over placebo (RR 0.81 CI 95% 0.68 to 0.96), but not 300 mg etrolizumab over placebo (RR 0.91, 95% CI 0.80 to 1.03). No significant heterogeneity was detected for this comparison (P = 0.28, I2 = 13.5%). GRADE analyses indicated that the overall quality of evidence for the clinical remission outcomes was moderate due to sparse data. Both of the included studies reported on safety. The outcome adverse events was initially pooled, however this analysis was removed due to high heterogeneity (I2 = 88%). The phase I study found no statistically significant difference between etrolizumab and placebo in the proportion of patients who had at least one adverse event. Ninety‐five per cent (36/38) of etrolizumab patients had at least one adverse event compared to 100% (10/10) of placebo patients (RR 0.98, 95% CI 0.84 to 1.14). Common adverse events reported in the phase I study included exacerbation of UC, headache, fatigue, abdominal pain, dizziness, nasopharyngitis, nausea, arthralgia and urinary tract infection. There was a statistically significant difference between etrolizumab and placebo in the proportion of patients who had at least one adverse event. Fifty‐six per cent (44/78) of etrolizumab patients had at least one adverse event compared to 79% of placebo patients (RR 0.71, 95% CI 0.55 to 0.91). A GRADE analysis indicates that the overall quality of the evidence for this outcome was moderate due to sparse data. Common adverse events reported in the phase II study included worsening UC, nasopharyngitis, nervous system disorders, headache and arthralgia . A pooled analysis of two studies indicates that there was no statistically significant difference in the proportion of patients who had a serious adverse event. Twelve per cent (14/116) of etrolizumab patients had a serious adverse event compared to 12% of placebo patients (6/49) (RR 0.92, 95% CI 0.36 to 2.34). A GRADE analysis indicated that the overall quality of the evidence for this outcome was low due to very sparse data (20 events). Common serious adverse events included worsening of UC, impaired wound healing and bacterial peritonitis.",,non_pls,10.1002-14651858.CD011661.pub2-abstract.txt#L12,train,non_pls,cochrane,train/non_pls,False,3449,0,553,0,0.0,0.0,49.79470535610099,
"We included 33 trials involving 1913 patients. The sample size in the trials varied from 8 to 209 participants. The interventions included pharmacological interventions (aprotinin, tranexamic acid, epsilon amino caproic acid, antithrombin 3, recombinant factor (rFvIIa), oestrogen, prostaglandin, epinephrine), blood substitutes (blood components rather than whole blood, hydroxy‐ethyl starch, thromboelastography), and cardiovascular interventions (low central venous pressure). All the trials were of high risk of bias. Primary outcomes were reported in at least two trials for the following comparisons: aprotinin versus control, tranexamic acid versus control, recombinant factor VIIa (rFVIIa) versus control, and tranexamic acid versus aprotinin. There were no significant differences in the 60‐day mortality (3 trials; 6/161 (3.7%) in the aprotinin group versus 8/119 (6.7%) in the control group; RR 0.52; 95% CI 0.18 to 1.45), primary graft non‐function (2 trials; 0/128 (0.0%) in the aprotinin group versus 4/89 (4.5%) in the control group; RR 0.15; 95% CI 0.02 to 1.25), retransplantation (3 trials; 2/256 (0.8%) in the aprotinin group versus 12/178 (6.7%) in the control group; RR 0.21; 95% CI 0.02 to 1.79), or thromboembolic episodes (3 trials; 4/161 (2.5%) in the aprotinin group versus 5/119 (4.2%) in the control group; RR 0.59; 95% CI 0.19 to 1.84) between the aprotinin and control groups. There were no significant differences in the 60‐day mortality (3 trials; 4/83 (4.8%) in the tranexamic acid group versus 5/56 (8.9%) in the control group; RR 0.55; 95% CI 0.17 to 1.76), retransplantation (2 trials; 3/41 (7.3%) in the tranexamic acid group versus 3/36 (8.3%) in the control group; RR 0.79; 95% CI 0.18 to 3.48), or thromboembolic episodes (5 trials; 5/103 (4.9%) in the tranexamic acid group versus 1/76 (1.3%) in the control group; RR 2.20; 95% CI 0.38 to 12.64) between the tranexamic acid and control groups. There were no significant differences in the 60‐day mortality (3 trials; 8/195 (4.1%) in the recombinant factor VIIa (rFVIIa) group versus 2/91 (2.2%) in the control group; RR 1.51; 95% CI 0.33 to 6.95), thromboembolic episodes (2 trials; 24/185 (13.0%) in the rFVIIa group versus 8/81 (9.9%) in the control group; RR 1.38; 95% CI 0.65 to 2.91), or serious adverse events (2 trials; 90/185 (48.6%) in the rFVIIa group versus 30/81 (37.0%) in the control group; RR 1.30; 95% CI 0.94 to 1.78) between the rFVIIa and control groups. There were no significant differences in the 60‐day mortality (2 trials; 6/91 (6.6%) in the tranexamic acid group versus 1/87 (1.1%) in the aprotinin group; RR 4.12; 95% CI 0.71 to 23.76) or thromboembolic episodes (2 trials; 4/91 (4.4%) in the tranexamic acid group versus 2/87 (2.3%) in the aprotinin group; RR 1.97; 95% CI 0.37 to 10.37) between the tranexamic acid and aprotinin groups. The remaining outcomes in the above comparisons and the remaining comparisons included only only trial under the primary outcome or the outcome was not reported at all in the trials. There were no significant differences in the mortality, primary graft non‐function, graft failure, retransplantation, thromboembolic episodes, or serious adverse events in any of these comparisons. However, the confidence intervals were wide, and it is not possible to reach any conclusion on the safety of the interventions. None of the trials reported the quality of life in patients.",,non_pls,10.1002-14651858.CD009052.pub2-abstract.txt#L12,test,non_pls,cochrane,test/non_pls,False,3425,0,538,0,0.0,0.0,61.60440316748995,
"Fifty‐one studies met our inclusion criteria, involving approximately 800,000 participants. The studies included were diverse, including observational studies, between‐ and within‐participant experimental studies, cohort and cross‐sectional studies, and time‐series analyses. Few studies assessed behavioural outcomes in youth and non‐smokers. Five studies assessed the primary outcomes: one observational study assessed smoking prevalence among 700,000 participants until one year after standardised packaging in Australia; four studies assessed consumption in 9394 participants, including a series of Australian national cross‐sectional surveys of 8811 current smokers, in addition to three smaller studies. No studies assessed uptake, cessation, or relapse prevention. Two studies assessed quit attempts. Twenty studies examined other behavioural outcomes and 45 studies examined non‐behavioural outcomes (e.g. appeal, perceptions of harm). In line with the challenges inherent in evaluating standardised tobacco packaging, a number of methodological imitations were apparent in the included studies and overall we judged most studies to be at high or unclear risk of bias in at least one domain. The one included study assessing the impact of standardised tobacco packaging on smoking prevalence in Australia found a 3.7% reduction in odds when comparing before to after the packaging change, or a 0.5 percentage point drop in smoking prevalence, when adjusting for confounders. Confidence in this finding is limited, due to the nature of the evidence available, and is therefore rated low by GRADE standards. Findings were mixed amongst the four studies assessing consumption, with some studies finding no difference and some studies finding evidence of a decrease; certainty in this outcome was rated very low by GRADE standards due to the limitations in study design. One national study of Australian adult smoker cohorts (5441 participants) found that quit attempts increased from 20.2% prior to the introduction of standardised packaging to 26.6% one year post‐implementation. A second study of calls to quitlines provides indirect support for this finding, with a 78% increase observed in the number of calls after the implementation of standardised packaging. Here again, certainty is low. Studies of other behavioural outcomes found evidence of increased avoidance behaviours when using standardised packs, reduced demand for standardised packs and reduced craving. Evidence from studies measuring eye‐tracking showed increased visual attention to health warnings on standardised compared to branded packs. Corroborative evidence for the latter finding came from studies assessing non‐behavioural outcomes, which in general found greater warning salience when viewing standardised, than branded packs. There was mixed evidence for quitting cognitions, whereas findings with youth generally pointed towards standardised packs being less likely to motivate smoking initiation than branded packs. We found the most consistent evidence for appeal, with standardised packs rating lower than branded packs. Tobacco in standardised packs was also generally perceived as worse‐tasting and lower quality than tobacco in branded packs. Standardised packaging also appeared to reduce misperceptions that some cigarettes are less harmful than others, but only when dark colours were used for the uniform colour of the pack.",,non_pls,10.1002-14651858.CD011244.pub2-abstract.txt#L12,train,non_pls,cochrane,train/non_pls,False,3423,0,483,0,0.0,0.0,30.514826803631195,
"We included 27 randomised trials with 5938 participants. All trials had high risk of bias. We considered that the risk of bias did not impact on the quality of evidence for liver‐related mortality and adverse event outcomes, but it did for virological response. All trials compared peginterferon alpha‐2a or peginterferon alpha‐2b plus ribavirin versus interferon plus ribavirin for participants with chronic hepatitis C. Three trials administered co‐interventions (amantadine hydrochloride 200 mg daily to both intervention groups), and 24 trials were conducted without co‐interventions. The effect observed between the two intervention groups regarding liver‐related morbidity plus all‐cause mortality (5/907 (0.55%) versus 4/882 (0.45%) was imprecise: OR 1.14 ( 95% CI 0.38 to 3.42; five trials; low quality of evidence), as was the risk of adverse events leading to treatment discontinuation (332/2692 (12.3%) versus 409/2176 (18.8%); RR 0.86, 95% CI 0.68 to 1.09; 15 trials; low quality of evidence) or regarding adverse events leading to treatment discontinuation (332/2692 (12.3%) versus 409/2176 (18.8%); RR 0.86, 95% CI 0.66 to 1.12; 17 trials; low quality of evidence). However, peginterferon plus ribavirin versus interferon plus ribavirin significantly increased the risk of neutropenia (332/2202 (15.1%) versus 117/1653 (7.1%); RR 2.15, 95% CI 1.76 to 2.61; 13 trials), thrombocytopenia (65/1113 (5.8%) versus 23/1082 (2.1%); RR 2.63, 95% CI 1.68 to 4.11; 10 trials), arthralgia (517/1740 (29.7%) versus 282/1194 (23.6%); RR 1.19, 95% CI 1.05 to 1.35; four trials), injection site reaction (627/1168 (53.7%) versus 186/649 (28.7%); RR 1.71, 95% CI 1.50 to 1.93; four trials), and nausea (606/1784 (34.0%) versus 354/1239 (28.6%); RR 1.13, 95% CI 1.01 to 1.26; four trials). The most frequent adverse event was fatigue, which occurred in 57% of participants (2024/3608). No significant difference was noted between peginterferon plus ribavirin versus interferon plus ribavirin in terms of fatigue (1177/2062 (57.1%) versus 847/1546 (54.8%); RR 1.01, 95% CI 0.96 to 1.07; 12 trials). No significant differences were reported between the two treatment groups regarding anaemia, headache, rigours, myalgia, pyrexia, weight loss, asthenia, depression, insomnia, irritability, alopecia, pruritus, skin rash, thyroid malfunction, decreased appetite, or diarrhoea. We were unable to identify any data on quality of life. Peginterferon plus ribavirin versus interferon plus ribavirin seemed to significantly increase the number of participants achieving sustained virological response (1673/3300 participants (50.7%) versus 1081/2804 patients (36.7%); RR 1.39, 95% CI 1.25 to 1.56; I2 = 64%; 27 trials; very low quality of evidence). However, the risk of bias in the 13/27 (48.1%) trials reporting on this outcome was high and was considered only 'lower' in the remainder. Because the conventional meta‐analysis did not reach its required information size (n = 14,486 participants), we used trial sequential analysis to control for risks of random errors. Again, in this analysis, the estimated effect was statistically significant in favour of peginterferon. Subgroup analyses according to risk of bias, viral genotype, baseline viral load, past treatment history, and type of intervention yielded similarly significant results favouring peginterferon over interferon on the outcome of sustained virological response.",,non_pls,10.1002-14651858.CD005441.pub3-abstract.txt#L13,train,non_pls,cochrane,train/non_pls,False,3422,0,494,0,0.0,0.0,45.35924187615893,
"A total of 23 reports of 20 studies met the pre‐defined inclusion criteria and were included in the review. Of the 20 included validation studies, 19 endoscopic scoring indices were assessed, including the Azzolini Classification, Baron Score, Blackstone Endoscopic Interpretation, Chinese Grading System of Ulcerative Colitis, Endoscopic Activty Index, Jeroen Score, Magnifying Colonoscopy Grade, Matts Score, Mayo Clinic Endoscopic Subscore, Modified Baron Score, Modified Mayo Clinic Endoscopic Subscore, Osada Score, Rachmilewtiz Endoscopic Score, St. Mark's Index, Ulcerative Colitis Colonoscopic Index of Serverity (UCCIS), endoscopic component of the Ulcerative Colitis Disease Activity Index (UCDAI), Ulcerative Colitis Endoscopic Index of Severity (UCEIS), Witts Sigmoidoscopic Score and Watson Grade. The individuals who performed the endoscopic scoring were blinded to clinical and/or histologic information in ten of the included studies, not blinded to clinical and/or histologic information in one of the included studies, and it was unclear whether blinding occurred in the remaining nine included studies. Independent observation was confirmed in four of the included studies, unclear in five of the included studies, and non‐applicable (since inter‐rater reliability was not assessed) in the remaining eleven included studies. The methodological quality (COSMIN checklist) of most of the included studies was rated as 'good' or 'excellent'. One study that assessed responsiveness was rated as 'fair'. The inter‐rater reliability of nine endoscopic scoring indices including the Baron Score, Blackstone Endoscopic Interpretation, Endoscopic Activity Index, Matts Score, Mayo Clinic Endoscopic Subscore, Osada Score, UCCIS, UCEIS, Watson Grade was assessed in seven studies, with estimates of correlation, ƙ, ranging from 0.44 to 0.97. The iIntra‐rater reliability of seven endoscopic scoring indices including the Baron Score, Blackstone Endoscopic Interpretation, Matts Score, Mayo Clinic Endoscopic Subscore, Osada Score, UCCIS and UCEIS was assessed in three studies, with estimates of correlation, ƙ, ranging from 0.41 to 0.86. No studies assessed content validity. Three studies evaluated the criterion validity of three endoscopic scoring indices including the Rachmilewitz Endoscopic Score, Magnifying Colonoscopy Grade and the UCCIS. These indices were correlated with objective markers of disease activity including albumin, blood leukocytes, C‐reactive protein, fecal calprotectin, hemoglobin, mucosal interleukin‐8 concentration and platelet count. Correlation estimates ranged from r = ‐0.19 to 0.83. Thirteen endoscopic scoring indices were tested for construct validity in 13 studies. Estimates of correlation between the endoscopic scoring indices and other measures of disease activity ranged from r = 0.27 to 0.93. Two studies explored the responsiveness of four endoscopic scoring indices including the Mayo Endoscopic Subscore, Modified Baron Score, Modified Mayo Endoscopic Subscore and UCEIS. One study concluded that the Modified Baron Score, Modified Mayo Endoscopic Subscore and UCEIS had similar responsiveness for detecting disease change in ulcerative colitis. The other included study concluded that the UCEIS may be the most accurate endoscopic scoring tool. None of the included studies formally assessed feasibility.",,non_pls,10.1002-14651858.CD011450.pub2-abstract.txt#L12,test,non_pls,cochrane,test/non_pls,False,3363,0,461,0,0.0,0.0,10.006581415174821,
"Five RCTs with a total of 341,342 participants were included in this review. All involved prostate‐specific antigen (PSA) testing, with or without digital rectal examination (DRE), though the interval and threshold for further evaluation varied across trials. The age of participants ranged from 45 to 80 years and duration of follow‐up from 7 to 20 years. Our meta‐analysis of the five included studies indicated no statistically significant difference in prostate cancer‐specific mortality between men randomised to the screening and control groups (risk ratio (RR) 1.00, 95% confidence interval (CI) 0.86 to 1.17). The methodological quality of three of the studies was assessed as posing a high risk of bias. The European Randomized Study of Screening for Prostate Cancer (ERSPC) and the US Prostate, Lung, Colorectal and Ovarian (PLCO) Cancer Screening Trial were assessed as posing a low risk of bias, but provided contradicting results. The ERSPC study reported a significant reduction in prostate cancer‐specific mortality (RR 0.84, 95% CI 0.73 to 0.95), whilst the PLCO study concluded no significant benefit (RR 1.15, 95% CI 0.86 to 1.54). The ERSPC was the only study of the five included in this review that reported a significant reduction in prostate cancer‐specific mortality, in a pre‐specified subgroup of men aged 55 to 69 years of age. Sensitivity analysis for overall risk of bias indicated no significant difference in prostate cancer‐specific mortality when referring to the meta analysis of only the ERSPC and PLCO trial data (RR 0.96, 95% CI 0.70 to 1.30). Subgroup analyses indicated that prostate cancer‐specific mortality was not affected by the age at which participants were screened. Meta‐analysis of four studies investigating all‐cause mortality did not determine any significant differences between men randomised to screening or control (RR 1.00, 95% CI 0.96 to 1.03). A diagnosis of prostate cancer was significantly greater in men randomised to screening compared to those randomised to control (RR 1.30, 95% CI 1.02 to 1.65). Localised prostate cancer was more commonly diagnosed in men randomised to screening (RR 1.79, 95% CI 1.19 to 2.70), whilst the proportion of men diagnosed with advanced prostate cancer was significantly lower in the screening group compared to the men serving as controls (RR 0.80, 95% CI 0.73 to 0.87). Screening resulted in a range of harms that can be considered minor to major in severity and duration. Common minor harms from screening include bleeding, bruising and short‐term anxiety. Common major harms include overdiagnosis and overtreatment, including infection, blood loss requiring transfusion, pneumonia, erectile dysfunction, and incontinence. Harms of screening included false‐positive results for the PSA test and overdiagnosis (up to 50% in the ERSPC study). Adverse events associated with transrectal ultrasound (TRUS)‐guided biopsies included infection, bleeding and pain. No deaths were attributed to any biopsy procedure. None of the studies provided detailed assessment of the effect of screening on quality of life or provided a comprehensive assessment of resource utilization associated with screening (although preliminary analyses were reported).",,non_pls,10.1002-14651858.CD004720.pub3-abstract.txt#L12,train,non_pls,cochrane,train/non_pls,False,3237,0,488,0,0.0,0.0,38.29575496117343,
